{
	"PurchaseOrderCollection": [
		{
			"ID": "300000097",
			"ApprovalStatus": "",
			"Status": "Initial",
			"ConfirmationStatus": "",
			"ConfirmationStatusDesc": "Initial",
			"OrderingStatus": "",
			"OrderingStatusDesc": "Initial",
			"LifecycleStatus": "N",
			"LifecycleStatusDesc": "Neu",
			"Amount": "13224.47",
			"NetAmount": "11113.00",
			"TaxAmount": "2111.47",
			"CurrencyCode": "EUR",
			"CreatedAt": "2013-05-22T22:00:00",
			"ChangedAt": "2013-05-22T22:00:00.000Z",
			"CreatedByName": "EPM USER",
			"ChangedByName": "EPM USER",
			"Supplier": {
				"Name": "SAP SE",
				"Id": "100000000",
				"Street": "Dietmar-Hopp-Allee",
				"Building": "15",
				"Zip": "69190",
				"City": "Walldorf",
				"Country": "DE"
			},
			"Notes" : [
				{
					"Author" :"George Washington",
					"Text" :"Lorem ipsum dolor sit amet, consetetur sadipscing elitr, sed diam nonumy eirmod tempor invidunt ut labore et dolore magna aliquyam erat, sed diam voluptua.",
					"CreatedAt" : "2013-05-22T22:00:00",
					"Thumbnail" : "http://upload.wikimedia.org/wikipedia/commons/2/25/George_Washington_as_CIC_of_the_Continental_Army_bust.jpg"
				},
				{
					"Author" :"Christopher Columbus",
					"Text" :"Lorem ipsum dolor sit amet, consetetur sadipscing elitr",
					"CreatedAt" : "2013-05-22T22:00:00",
					"Thumbnail" : "http://upload.wikimedia.org/wikipedia/commons/0/06/CristobalColon.jpg"
				},
				{
					"Author" :"Alexandrina Victoria",
					"Text" :"Lorem ipsum dolor sit amet, consetetur sadipscing elitr, sed diam nonumy eirmod tempor invidunt ut labore et dolore magna aliquyam erat",
					"CreatedAt" : "2013-05-22T22:00:00",
					"Thumbnail" : "http://upload.wikimedia.org/wikipedia/commons/a/aa/Dronning_victoria.jpg"
				}
			],
			"Attachments": [
				{
					"Type" : "ppt",
					"Title" : "Execution plan",
					"Description" : "Slide deck for the execution plan",
					"Size" : "23 KB",
					"CreatedAt" : "2013-01-11T22:00:00"
				},
				{
					"Type" : "pdf",
					"Title" : "Brochure",
					"Description" : "A brochure of the desired hotel",
					"Size" : "23 KB",
					"CreatedAt" : "2013-01-11T22:00:00"
				},
				{
					"Type" : "zip",
					"Title" : "Vacation images",
					"Description" : "Archive of all those images from my vacation that i have taken while being away for a very long time",
					"Size" : "5.3 MB",
					"CreatedAt" : "2013-01-11T22:00:00"
				}
			],
			"PurchaseOrder_Items": [
				{
					"PurchaseOrderItemID": "300000000",
					"ItemPos": "10",
					"Amount": 1137.64,
					"NetAmount": "956.00",
					"TaxAmount": "181.64",
					"CurrencyCode": "EUR",
					"ProductID": "HT-1000",
					"ProductName": "Notebook Basic 15",
					"Quantity": "1.000",
					"QuantityUnit": "EA",
					"DeliveryDate": "2013-05-29T22:00:00"
				},
				{
					"PurchaseOrderItemID": "300000000",
					"ItemPos": "20",
					"Amount": 61.88,
					"NetAmount": "52.00",
					"TaxAmount": "9.88",
					"CurrencyCode": "EUR",
					"ProductID": "HT-1091",
					"ProductName": "Blaster Extreme",
					"Quantity": "2.000",
					"QuantityUnit": "EA",
					"DeliveryDate": "2013-05-29T22:00:00"
				},
				{
					"PurchaseOrderItemID": "300000000",
					"ItemPos": "30",
					"Amount": 1116.22,
					"NetAmount": 938.00,
					"TaxAmount": "178.22",
					"CurrencyCode": "EUR",
					"ProductID": "HT-6100",
					"ProductName": "Beam Breaker B-1",
					"Quantity": "2.000",
					"QuantityUnit": "EA",
					"DeliveryDate": "2013-05-29T22:00:00"
				},
				{
					"PurchaseOrderItemID": "300000000",
					"ItemPos": "40",
					"Amount": 2275.28,
					"NetAmount": "1912.00",
					"TaxAmount": "363.28",
					"CurrencyCode": "EUR",
					"ProductID": "HT-1000",
					"ProductName": "Notebook Basic 15",
					"Quantity": "2.000",
					"QuantityUnit": "EA",
					"DeliveryDate": "2013-05-29T22:00:00"
				},
				{
					"PurchaseOrderItemID": "300000000",
					"ItemPos": "50",
					"Amount": 92.82,
					"NetAmount": "78.00",
					"TaxAmount": "14.82",
					"CurrencyCode": "EUR",
					"ProductID": "HT-1091",
					"ProductName": "Blaster Extreme",
					"Quantity": "3.000",
					"QuantityUnit": "EA",
					"DeliveryDate": "2013-05-29T22:00:00"
				},
				{
					"PurchaseOrderItemID": "300000000",
					"ItemPos": "60",
					"Amount": 1116.22,
					"NetAmount": 938.00,
					"TaxAmount": "178.22",
					"CurrencyCode": "EUR",
					"ProductID": "HT-6100",
					"ProductName": "Beam Breaker B-1",
					"Quantity": "2.000",
					"QuantityUnit": "EA",
					"DeliveryDate": "2013-05-29T22:00:00"
				},
				{
					"PurchaseOrderItemID": "300000000",
					"ItemPos": "70",
					"Amount": 2275.28,
					"NetAmount": "1912.00",
					"TaxAmount": "363.28",
					"CurrencyCode": "EUR",
					"ProductID": "HT-1000",
					"ProductName": "Notebook Basic 15",
					"Quantity": "2.000",
					"QuantityUnit": "EA",
					"DeliveryDate": "2013-05-29T22:00:00"
				},
				{
					"PurchaseOrderItemID": "300000000",
					"ItemPos": "80",
					"Amount": 61.88,
					"NetAmount": "52.00",
					"TaxAmount": "9.88",
					"CurrencyCode": "EUR",
					"ProductID": "HT-1091",
					"ProductName": "Blaster Extreme",
					"Quantity": "2.000",
					"QuantityUnit": "EA",
					"DeliveryDate": "2013-05-29T22:00:00"
				},
				{
					"PurchaseOrderItemID": "300000000",
					"ItemPos": "90",
					"Amount": 1674.33,
					"NetAmount": "1407.00",
					"TaxAmount": "267.33",
					"CurrencyCode": "EUR",
					"ProductID": "HT-6100",
					"ProductName": "Beam Breaker B-1",
					"Quantity": "3.000",
					"QuantityUnit": "EA",
					"DeliveryDate": "2013-05-29T22:00:00"
				},
				{
					"PurchaseOrderItemID": "300000000",
					"ItemPos": "100",
					"Amount": 3412.92,
					"NetAmount": "2868.00",
					"TaxAmount": "544.92",
					"CurrencyCode": "EUR",
					"ProductID": "HT-1000",
					"ProductName": "Notebook Basic 15",
					"Quantity": "3.000",
					"QuantityUnit": "EA",
					"DeliveryDate": "2013-05-29T22:00:00"
				}
			]
		},
		{
			"ID": "300000001",
			"ApprovalStatus": "",
			"Status": "Initial",
			"ConfirmationStatus": "",
			"ConfirmationStatusDesc": "Initial",
			"OrderingStatus": "",
			"OrderingStatusDesc": "Initial",
			"LifecycleStatus": "N",
			"LifecycleStatusDesc": "Neu",
			"Amount": "12493.73",
			"NetAmount": "10498.94",
			"TaxAmount": "1994.79",
			"CurrencyCode": "EUR",
			"CreatedAt": "2013-05-22T22:00:00",
			"ChangedAt": "2013-05-22T22:00:00.000Z",
			"CreatedByName": "EPM USER",
			"ChangedByName": "EPM USER",
			"Supplier": {
				"Id": "100000002",
				"Name": "DelBont Industries",
				"Street": "1 2345 King Street",
				"Building": "1",
				"Zip": "19899",
				"City": "Wilmington, Delaware",
				"Country": "US"
			},
			"Notes" : [
				{
					"Author" :"George Washington",
					"Text" :"Lorem ipsum dolor sit amet, consetetur sadipscing elitr, sed diam nonumy eirmod tempor invidunt ut labore et dolore magna aliquyam erat, sed diam voluptua.",
					"CreatedAt" : "2013-05-22T22:00:00",
					"Thumbnail" : "http://upload.wikimedia.org/wikipedia/commons/2/25/George_Washington_as_CIC_of_the_Continental_Army_bust.jpg"
				},
				{
					"Author" :"Christopher Columbus",
					"Text" :"Lorem ipsum dolor sit amet, consetetur sadipscing elitr",
					"CreatedAt" : "2013-05-22T22:00:00",
					"Thumbnail" : "http://upload.wikimedia.org/wikipedia/commons/0/06/CristobalColon.jpg"
				}
			],
			"Attachments": [
				{
					"Type" : "ppt",
					"Title" : "Execution plan",
					"Description" : "Slide deck for the execution plan",
					"Size" : "23 KB",
					"CreatedAt" : "2013-01-11T22:00:00"
				},
				{
					"Type" : "pdf",
					"Title" : "Brochure",
					"Description" : "A brochure of the desired hotel",
					"Size" : "23 KB",
					"CreatedAt" : "2013-01-11T22:00:00"
				}
			],
			"PurchaseOrder_Items": [
				{
					"PurchaseOrderItemID": "300000001",
					"ItemPos": "10",
					"Amount": 213.96,
					"NetAmount": "179.80",
					"TaxAmount": "34.16",
					"CurrencyCode": "USD",
					"ProductID": "HT-1100",
					"ProductName": "Smart Office",
					"Quantity": "2.000",
					"QuantityUnit": "EA",
					"DeliveryDate": "2013-05-29T22:00:00"
				},
				{
					"PurchaseOrderItemID": "300000001",
					"ItemPos": "20",
					"Amount": 35.69,
					"NetAmount": "29.99",
					"TaxAmount": "5.70",
					"CurrencyCode": "USD",
					"ProductID": "HT-2026",
					"ProductName": "Audio/Video Cable Kit - 12 ft",
					"Quantity": "1.000",
					"QuantityUnit": "EA",
					"DeliveryDate": "2013-05-29T22:00:00"
				},
				{
					"PurchaseOrderItemID": "300000001",
					"ItemPos": "30",
					"Amount": 3736.60,
					"NetAmount": "3140.00",
					"TaxAmount": "596.60",
					"CurrencyCode": "USD",
					"ProductID": "HT-1002",
					"ProductName": "Notebook Basic 18",
					"Quantity": "2.000",
					"QuantityUnit": "EA",
					"DeliveryDate": "2013-05-29T22:00:00"
				},
				{
					"PurchaseOrderItemID": "300000001",
					"ItemPos": "40",
					"Amount": 213.96,
					"NetAmount": "179.80",
					"TaxAmount": "34.16",
					"CurrencyCode": "USD",
					"ProductID": "HT-1100",
					"ProductName": "Smart Office",
					"Quantity": "2.000",
					"QuantityUnit": "EA",
					"DeliveryDate": "2013-05-29T22:00:00"
				},
				{
					"PurchaseOrderItemID": "300000001",
					"ItemPos": "50",
					"Amount": 71.38,
					"NetAmount": "59.98",
					"TaxAmount": "11.40",
					"CurrencyCode": "USD",
					"ProductID": "HT-2026",
					"ProductName": "Audio/Video Cable Kit - 12 ft",
					"Quantity": "2.000",
					"QuantityUnit": "EA",
					"DeliveryDate": "2013-05-29T22:00:00"
				},
				{
					"PurchaseOrderItemID": "300000001",
					"ItemPos": "60",
					"Amount": 3736.60,
					"NetAmount": "3140.00",
					"TaxAmount": "596.60",
					"CurrencyCode": "USD",
					"ProductID": "HT-1002",
					"ProductName": "Notebook Basic 18",
					"Quantity": "2.000",
					"QuantityUnit": "EA",
					"DeliveryDate": "2013-05-29T22:00:00"
				},
				{
					"PurchaseOrderItemID": "300000001",
					"ItemPos": "70",
					"Amount": 320.94,
					"NetAmount": "269.70",
					"TaxAmount": "51.24",
					"CurrencyCode": "USD",
					"ProductID": "HT-1100",
					"ProductName": "Smart Office",
					"Quantity": "3.000",
					"QuantityUnit": "EA",
					"DeliveryDate": "2013-05-29T22:00:00"
				},
				{
					"PurchaseOrderItemID": "300000001",
					"ItemPos": "80",
					"Amount": 107.06,
					"NetAmount": "89.97",
					"TaxAmount": "17.09",
					"CurrencyCode": "USD",
					"ProductID": "HT-2026",
					"ProductName": "Audio/Video Cable Kit - 12 ft",
					"Quantity": "3.000",
					"QuantityUnit": "EA",
					"DeliveryDate": "2013-05-29T22:00:00"
				},
				{
					"PurchaseOrderItemID": "300000001",
					"ItemPos": "90",
					"Amount": 3736.60,
					"NetAmount": "3140.00",
					"TaxAmount": "596.60",
					"CurrencyCode": "USD",
					"ProductID": "HT-1002",
					"ProductName": "Notebook Basic 18",
					"Quantity": "2.000",
					"QuantityUnit": "EA",
					"DeliveryDate": "2013-05-29T22:00:00"
				},
				{
					"PurchaseOrderItemID": "300000001",
					"ItemPos": "100",
					"Amount": 320.94,
					"NetAmount": "269.70",
					"TaxAmount": "51.24",
					"CurrencyCode": "USD",
					"ProductID": "HT-1100",
					"ProductName": "Smart Office",
					"Quantity": "3.000",
					"QuantityUnit": "EA",
					"DeliveryDate": "2013-05-29T22:00:00"
				}
			]
		},
		{
			"ID": "300000002",
			"ApprovalStatus": "",
			"Status": "Initial",
			"ConfirmationStatus": "",
			"ConfirmationStatusDesc": "Initial",
			"OrderingStatus": "",
			"OrderingStatusDesc": "Initial",
			"LifecycleStatus": "N",
			"LifecycleStatusDesc": "Neu",
			"Amount": "11666.69",
			"NetAmount": "9803.94",
			"TaxAmount": "1862.75",
			"CurrencyCode": "EUR",
			"CreatedAt": "2013-05-22T22:00:00",
			"ChangedAt": "2013-05-22T22:00:00.000Z",
			"CreatedByName": "EPM USER",
			"ChangedByName": "EPM USER",
			"Supplier": {
				"Id": "100000008",
				"Name": "AVANTEL",
				"Street": "Bosque de Duraznos",
				"Building": "24",
				"Zip": "17000",
				"City": "Mexiko City",
				"Country": "MX"
			},
			"Notes" : [
				{
					"Author" :"George Washington",
					"Text" :"Lorem ipsum dolor sit amet, consetetur sadipscing elitr, sed diam nonumy eirmod tempor invidunt ut labore et dolore magna aliquyam erat, sed diam voluptua.",
					"CreatedAt" : "2013-05-22T22:00:00",
					"Thumbnail" : "http://upload.wikimedia.org/wikipedia/commons/2/25/George_Washington_as_CIC_of_the_Continental_Army_bust.jpg"
				}
			],
			"Attachments": [
				{
					"Type" : "ppt",
					"Title" : "Execution plan",
					"Description" : "Slide deck for the execution plan",
					"Size" : "23 KB",
					"CreatedAt" : "2013-01-11T22:00:00"
				}
			],
			"PurchaseOrder_Items": [
				{
					"PurchaseOrderItemID": "300000002",
					"ItemPos": "10",
					"Amount": 892.46,
					"NetAmount": "749.97",
					"TaxAmount": "142.49",
					"CurrencyCode": "EUR",
					"ProductID": "HT-2000",
					"ProductName": "7\" Widescreen Portable DVD Player w MP3",
					"Quantity": "3.000",
					"QuantityUnit": "EA",
					"DeliveryDate": "2013-05-29T22:00:00"
				},
				{
					"PurchaseOrderItemID": "300000002",
					"ItemPos": "20",
					"Amount": 2378.81,
					"NetAmount": "1999.00",
					"TaxAmount": "379.81",
					"CurrencyCode": "EUR",
					"ProductID": "HT-1010",
					"ProductName": "Notebook Professional 15",
					"Quantity": "1.000",
					"QuantityUnit": "EA",
					"DeliveryDate": "2013-05-29T22:00:00"
				},
				{
					"PurchaseOrderItemID": "300000002",
					"ItemPos": "30",
					"Amount": 183.26,
					"NetAmount": "154.00",
					"TaxAmount": "29.26",
					"CurrencyCode": "EUR",
					"ProductID": "HT-1103",
					"ProductName": "Smart Multimedia",
					"Quantity": "2.000",
					"QuantityUnit": "EA",
					"DeliveryDate": "2013-05-29T22:00:00"
				},
				{
					"PurchaseOrderItemID": "300000002",
					"ItemPos": "40",
					"Amount": 594.98,
					"NetAmount": "499.98",
					"TaxAmount": "95.00",
					"CurrencyCode": "EUR",
					"ProductID": "HT-2000",
					"ProductName": "7\" Widescreen Portable DVD Player w MP3",
					"Quantity": "2.000",
					"QuantityUnit": "EA",
					"DeliveryDate": "2013-05-29T22:00:00"
				},
				{
					"PurchaseOrderItemID": "300000002",
					"ItemPos": "50",
					"Amount": 2378.81,
					"NetAmount": "1999.00",
					"TaxAmount": "379.81",
					"CurrencyCode": "EUR",
					"ProductID": "HT-1010",
					"ProductName": "Notebook Professional 15",
					"Quantity": "1.000",
					"QuantityUnit": "EA",
					"DeliveryDate": "2013-05-29T22:00:00"
				},
				{
					"PurchaseOrderItemID": "300000002",
					"ItemPos": "60",
					"Amount": 183.26,
					"NetAmount": "154.00",
					"TaxAmount": "29.26",
					"CurrencyCode": "EUR",
					"ProductID": "HT-1103",
					"ProductName": "Smart Multimedia",
					"Quantity": "2.000",
					"QuantityUnit": "EA",
					"DeliveryDate": "2013-05-29T22:00:00"
				},
				{
					"PurchaseOrderItemID": "300000002",
					"ItemPos": "70",
					"Amount": 297.49,
					"NetAmount": "249.99",
					"TaxAmount": "47.50",
					"CurrencyCode": "EUR",
					"ProductID": "HT-2000",
					"ProductName": "7\" Widescreen Portable DVD Player w MP3",
					"Quantity": "1.000",
					"QuantityUnit": "EA",
					"DeliveryDate": "2013-05-29T22:00:00"
				},
				{
					"PurchaseOrderItemID": "300000002",
					"ItemPos": "80",
					"Amount": 4757.62,
					"NetAmount": "3998.00",
					"TaxAmount": "759.62",
					"CurrencyCode": "EUR",
					"ProductID": "HT-1010",
					"ProductName": "Notebook Professional 15",
					"Quantity": "2.000",
					"QuantityUnit": "EA",
					"DeliveryDate": "2013-05-29T22:00:00"
				}
			]
		},
		{
			"ID": "300000003",
			"ApprovalStatus": "",
			"Status": "Initial",
			"ConfirmationStatus": "",
			"ConfirmationStatusDesc": "Initial",
			"OrderingStatus": "",
			"OrderingStatusDesc": "Initial",
			"LifecycleStatus": "N",
			"LifecycleStatusDesc": "Neu",
			"Amount": "16561.23",
			"NetAmount": "13917.00",
			"TaxAmount": "2644.23",
			"CurrencyCode": "EUR",
			"CreatedAt": "2013-05-22T22:00:00",
			"ChangedAt": "2013-05-22T22:00:00.000Z",
			"CreatedByName": "EPM USER",
			"ChangedByName": "EPM USER",
			"Supplier": {
				"Id": "100000008",
				"Name": "AVANTEL",
				"Street": "Bosque de Duraznos",
				"Building": "24",
				"Zip": "17000",
				"City": "Mexiko City",
				"Country": "MX"
			},
			"Notes" : [
			],
			"Attachments": [
				{
					"Type" : "ppt",
					"Title" : "Execution plan",
					"Description" : "Slide deck for the execution plan",
					"Size" : "23 KB",
					"CreatedAt" : "2013-01-11T22:00:00"
				},
				{
					"Type" : "pdf",
					"Title" : "Brochure",
					"Description" : "A brochure of the desired hotel",
					"Size" : "23 KB",
					"CreatedAt" : "2013-01-11T22:00:00"
				},
				{
					"Type" : "zip",
					"Title" : "Vacation images",
					"Description" : "Archive of all those images from my vacation that i have taken while being away for a very long time",
					"Size" : "5.3 MB",
					"CreatedAt" : "2013-01-11T22:00:00"
				}
			],
			"PurchaseOrder_Items": [
				{
					"PurchaseOrderItemID": "300000003",
					"ItemPos": "10",
					"Amount": 196.35,
					"NetAmount": "165.00",
					"TaxAmount": "31.35",
					"CurrencyCode": "JPY",
					"ProductID": "HT-1104",
					"ProductName": "Smart Games",
					"Quantity": "3.000",
					"QuantityUnit": "EA",
					"DeliveryDate": "2013-05-29T22:00:00"
				},
				{
					"PurchaseOrderItemID": "300000003",
					"ItemPos": "20",
					"Amount": 6069.00,
					"NetAmount": "5100.00",
					"TaxAmount": "969.00",
					"CurrencyCode": "JPY",
					"ProductID": "HT-1603",
					"ProductName": "Gaming Monster Pro",
					"Quantity": "3.000",
					"QuantityUnit": "EA",
					"DeliveryDate": "2013-05-29T22:00:00"
				},
				{
					"PurchaseOrderItemID": "300000003",
					"ItemPos": "30",
					"Amount": 8207.43,
					"NetAmount": "6897.00",
					"TaxAmount": "1310.43",
					"CurrencyCode": "JPY",
					"ProductID": "HT-1011",
					"ProductName": "Notebook Professional 17",
					"Quantity": "3.000",
					"QuantityUnit": "EA",
					"DeliveryDate": "2013-05-29T22:00:00"
				},
				{
					"PurchaseOrderItemID": "300000003",
					"ItemPos": "40",
					"Amount": 65.45,
					"NetAmount": "55.00",
					"TaxAmount": "10.45",
					"CurrencyCode": "JPY",
					"ProductID": "HT-1104",
					"ProductName": "Smart Games",
					"Quantity": "1.000",
					"QuantityUnit": "EA",
					"DeliveryDate": "2013-05-29T22:00:00"
				},
				{
					"PurchaseOrderItemID": "300000003",
					"ItemPos": "50",
					"Amount": 2023.00,
					"NetAmount": "1700.00",
					"TaxAmount": "323.00",
					"CurrencyCode": "JPY",
					"ProductID": "HT-1603",
					"ProductName": "Gaming Monster Pro",
					"Quantity": "1.000",
					"QuantityUnit": "EA",
					"DeliveryDate": "2013-05-29T22:00:00"
				}
			]
		},
		{
			"ID": "300000004",
			"ApprovalStatus": "",
			"Status": "Initial",
			"ConfirmationStatus": "",
			"ConfirmationStatusDesc": "Initial",
			"OrderingStatus": "",
			"OrderingStatusDesc": "Initial",
			"LifecycleStatus": "N",
			"LifecycleStatusDesc": "Neu",
			"Amount": "12515.23",
			"NetAmount": "10517.00",
			"TaxAmount": "1998.23",
			"CurrencyCode": "EUR",
			"CreatedAt": "2013-05-22T22:00:00",
			"ChangedAt": "2013-05-22T22:00:00.000Z",
			"CreatedByName": "EPM USER",
			"ChangedByName": "EPM USER",
			"Supplier": {
				"Id": "100000009",
				"Name": "Telecomunicaciones Star",
				"Street": "Av. Libertador",
				"Building": "12221",
				"Zip": "1511",
				"City": "Buenos Aires",
				"Country": "AR"
			},
			"Notes" : [
				{
					"Author" :"George Washington",
					"Text" :"Lorem ipsum dolor sit amet, consetetur sadipscing elitr, sed diam nonumy eirmod tempor invidunt ut labore et dolore magna aliquyam erat, sed diam voluptua.",
					"CreatedAt" : "2013-05-22T22:00:00",
					"Thumbnail" : "http://upload.wikimedia.org/wikipedia/commons/2/25/George_Washington_as_CIC_of_the_Continental_Army_bust.jpg"
				},
				{
					"Author" :"Christopher Columbus",
					"Text" :"Lorem ipsum dolor sit amet, consetetur sadipscing elitr",
					"CreatedAt" : "2013-05-22T22:00:00",
					"Thumbnail" : "http://upload.wikimedia.org/wikipedia/commons/0/06/CristobalColon.jpg"
				},
				{
					"Author" :"Alexandrina Victoria",
					"Text" :"Lorem ipsum dolor sit amet, consetetur sadipscing elitr, sed diam nonumy eirmod tempor invidunt ut labore et dolore magna aliquyam erat",
					"CreatedAt" : "2013-05-22T22:00:00",
					"Thumbnail" : "http://upload.wikimedia.org/wikipedia/commons/a/aa/Dronning_victoria.jpg"
				}
			],
			"Attachments": [
				{
					"Type" : "ppt",
					"Title" : "Execution plan",
					"Description" : "Slide deck for the execution plan",
					"Size" : "23 KB",
					"CreatedAt" : "2013-01-11T22:00:00"
				}
			],
			"PurchaseOrder_Items": [
				{
					"PurchaseOrderItemID": "300000004",
					"ItemPos": "10",
					"Amount": 5471.62,
					"NetAmount": "4598.00",
					"TaxAmount": "873.62",
					"CurrencyCode": "JPY",
					"ProductID": "HT-1011",
					"ProductName": "Notebook Professional 17",
					"Quantity": "2.000",
					"QuantityUnit": "EA",
					"DeliveryDate": "2013-05-29T22:00:00"
				},
				{
					"PurchaseOrderItemID": "300000004",
					"ItemPos": "20",
					"Amount": 65.45,
					"NetAmount": "55.00",
					"TaxAmount": "10.45",
					"CurrencyCode": "JPY",
					"ProductID": "HT-1104",
					"ProductName": "Smart Games",
					"Quantity": "1.000",
					"QuantityUnit": "EA",
					"DeliveryDate": "2013-05-29T22:00:00"
				},
				{
					"PurchaseOrderItemID": "300000004",
					"ItemPos": "30",
					"Amount": 4046.00,
					"NetAmount": "3400.00",
					"TaxAmount": "646.00",
					"CurrencyCode": "JPY",
					"ProductID": "HT-1603",
					"ProductName": "Gaming Monster Pro",
					"Quantity": "2.000",
					"QuantityUnit": "EA",
					"DeliveryDate": "2013-05-29T22:00:00"
				},
				{
					"PurchaseOrderItemID": "300000004",
					"ItemPos": "40",
					"Amount": 2735.81,
					"NetAmount": "2299.00",
					"TaxAmount": "436.81",
					"CurrencyCode": "JPY",
					"ProductID": "HT-1011",
					"ProductName": "Notebook Professional 17",
					"Quantity": "1.000",
					"QuantityUnit": "EA",
					"DeliveryDate": "2013-05-29T22:00:00"
				},
				{
					"PurchaseOrderItemID": "300000004",
					"ItemPos": "50",
					"Amount": 196.35,
					"NetAmount": "165.00",
					"TaxAmount": "31.35",
					"CurrencyCode": "JPY",
					"ProductID": "HT-1104",
					"ProductName": "Smart Games",
					"Quantity": "3.000",
					"QuantityUnit": "EA",
					"DeliveryDate": "2013-05-29T22:00:00"
				}
			]
		},
		{
			"ID": "300000005",
			"ApprovalStatus": "",
			"Status": "Initial",
			"ConfirmationStatus": "",
			"ConfirmationStatusDesc": "Initial",
			"OrderingStatus": "",
			"OrderingStatusDesc": "Initial",
			"LifecycleStatus": "N",
			"LifecycleStatusDesc": "Neu",
			"Amount": "8368.08",
			"NetAmount": "7032.00",
			"TaxAmount": "1336.08",
			"CurrencyCode": "EUR",
			"CreatedAt": "2013-05-22T22:00:00",
			"ChangedAt": "2013-05-22T22:00:00.000Z",
			"CreatedByName": "EPM USER",
			"ChangedByName": "EPM USER",
			"Supplier": {
				"Id": "100000008",
				"Name": "AVANTEL",
				"Street": "Bosque de Duraznos",
				"Building": "24",
				"Zip": "17000",
				"City": "Mexiko City",
				"Country": "MX"
			},
			"Notes" : [
				{
					"Author" :"George Washington",
					"Text" :"Lorem ipsum dolor sit amet, consetetur sadipscing elitr, sed diam nonumy eirmod tempor invidunt ut labore et dolore magna aliquyam erat, sed diam voluptua.",
					"CreatedAt" : "2013-05-22T22:00:00",
					"Thumbnail" : "http://upload.wikimedia.org/wikipedia/commons/2/25/George_Washington_as_CIC_of_the_Continental_Army_bust.jpg"
				},
				{
					"Author" :"Christopher Columbus",
					"Text" :"Lorem ipsum dolor sit amet, consetetur sadipscing elitr",
					"CreatedAt" : "2013-05-22T22:00:00",
					"Thumbnail" : "http://upload.wikimedia.org/wikipedia/commons/0/06/CristobalColon.jpg"
				}
			],
			"Attachments": [
				{
					"Type" : "ppt",
					"Title" : "Execution plan",
					"Description" : "Slide deck for the execution plan",
					"Size" : "23 KB",
					"CreatedAt" : "2013-01-11T22:00:00"
				}
			],
			"PurchaseOrder_Items": [
				{
					"PurchaseOrderItemID": "300000005",
					"ItemPos": "10",
					"Amount": 1071.00,
					"NetAmount": "900.00",
					"TaxAmount": "171.00",
					"CurrencyCode": "MXN",
					"ProductID": "HT-1601",
					"ProductName": "Family PC Pro",
					"Quantity": "1.000",
					"QuantityUnit": "EA",
					"DeliveryDate": "2013-05-29T22:00:00"
				},
				{
					"PurchaseOrderItemID": "300000005",
					"ItemPos": "20",
					"Amount": 354.62,
					"NetAmount": "298.00",
					"TaxAmount": "56.62",
					"CurrencyCode": "MXN",
					"ProductID": "HT-1021",
					"ProductName": "Easy Hand V",
					"Quantity": "2.000",
					"QuantityUnit": "EA",
					"DeliveryDate": "2013-05-29T22:00:00"
				},
				{
					"PurchaseOrderItemID": "300000005",
					"ItemPos": "30",
					"Amount": 80.92,
					"NetAmount": "68.00",
					"TaxAmount": "12.92",
					"CurrencyCode": "MXN",
					"ProductID": "HT-1106",
					"ProductName": "Smart Firewall",
					"Quantity": "2.000",
					"QuantityUnit": "EA",
					"DeliveryDate": "2013-05-29T22:00:00"
				},
				{
					"PurchaseOrderItemID": "300000005",
					"ItemPos": "40",
					"Amount": 3213.00,
					"NetAmount": "2700.00",
					"TaxAmount": "513.00",
					"CurrencyCode": "MXN",
					"ProductID": "HT-1601",
					"ProductName": "Family PC Pro",
					"Quantity": "3.000",
					"QuantityUnit": "EA",
					"DeliveryDate": "2013-05-29T22:00:00"
				},
				{
					"PurchaseOrderItemID": "300000005",
					"ItemPos": "50",
					"Amount": 354.62,
					"NetAmount": "298.00",
					"TaxAmount": "56.62",
					"CurrencyCode": "MXN",
					"ProductID": "HT-1021",
					"ProductName": "Easy Hand V",
					"Quantity": "2.000",
					"QuantityUnit": "EA",
					"DeliveryDate": "2013-05-29T22:00:00"
				},
				{
					"PurchaseOrderItemID": "300000005",
					"ItemPos": "60",
					"Amount": 80.92,
					"NetAmount": "68.00",
					"TaxAmount": "12.92",
					"CurrencyCode": "MXN",
					"ProductID": "HT-1106",
					"ProductName": "Smart Firewall",
					"Quantity": "2.000",
					"QuantityUnit": "EA",
					"DeliveryDate": "2013-05-29T22:00:00"
				},
				{
					"PurchaseOrderItemID": "300000005",
					"ItemPos": "70",
					"Amount": 3213.00,
					"NetAmount": "2700.00",
					"TaxAmount": "513.00",
					"CurrencyCode": "MXN",
					"ProductID": "HT-1601",
					"ProductName": "Family PC Pro",
					"Quantity": "3.000",
					"QuantityUnit": "EA",
					"DeliveryDate": "2013-05-29T22:00:00"
				}
			]
		},
		{
			"ID": "300000006",
			"ApprovalStatus": "",
			"Status": "Initial",
			"ConfirmationStatus": "",
			"ConfirmationStatusDesc": "Initial",
			"OrderingStatus": "",
			"OrderingStatusDesc": "Initial",
			"LifecycleStatus": "N",
			"LifecycleStatusDesc": "Neu",
			"Amount": "6146.19",
			"NetAmount": "5164.87",
			"TaxAmount": "981.32",
			"CurrencyCode": "EUR",
			"CreatedAt": "2013-05-22T22:00:00",
			"ChangedAt": "2013-05-22T22:00:00.000Z",
			"CreatedByName": "EPM USER",
			"ChangedByName": "EPM USER",
			"Supplier": {
				"Id": "100000003",
				"Name": "Talpa",
				"Street": "An der Breiten Wiese",
				"Building": "422",
				"Zip": "30625",
				"City": "Hannover",
				"Country": "DE"
			},
			"Notes" : [
				{
					"Author" :"George Washington",
					"Text" :"Lorem ipsum dolor sit amet, consetetur sadipscing elitr, sed diam nonumy eirmod tempor invidunt ut labore et dolore magna aliquyam erat, sed diam voluptua.",
					"CreatedAt" : "2013-05-22T22:00:00",
					"Thumbnail" : "http://upload.wikimedia.org/wikipedia/commons/2/25/George_Washington_as_CIC_of_the_Continental_Army_bust.jpg"
				}
			],
			"Attachments": [
			],
			"PurchaseOrder_Items": [
				{
					"PurchaseOrderItemID": "300000006",
					"ItemPos": "10",
					"Amount": 5890.50,
					"NetAmount": "4950.00",
					"TaxAmount": "940.50",
					"CurrencyCode": "EUR",
					"ProductID": "HT-1003",
					"ProductName": "Notebook Basic 19",
					"Quantity": "3.000",
					"QuantityUnit": "EA",
					"DeliveryDate": "2013-05-29T22:00:00"
				},
				{
					"PurchaseOrderItemID": "300000006",
					"ItemPos": "20",
					"Amount": 95.08,
					"NetAmount": "79.90",
					"TaxAmount": "15.18",
					"CurrencyCode": "EUR",
					"ProductID": "HT-1101",
					"ProductName": "Smart Design",
					"Quantity": "1.000",
					"QuantityUnit": "EA",
					"DeliveryDate": "2013-05-29T22:00:00"
				},
				{
					"PurchaseOrderItemID": "300000006",
					"ItemPos": "30",
					"Amount": 160.61,
					"NetAmount": "134.97",
					"TaxAmount": "25.64",
					"CurrencyCode": "EUR",
					"ProductID": "HT-2025",
					"ProductName": "CD/DVD case: 264 capacity",
					"Quantity": "3.000",
					"QuantityUnit": "EA",
					"DeliveryDate": "2013-05-29T22:00:00"
				}
			]
		},
		{
			"ID": "300000007",
			"ApprovalStatus": "",
			"Status": "Initial",
			"ConfirmationStatus": "",
			"ConfirmationStatusDesc": "Initial",
			"OrderingStatus": "",
			"OrderingStatusDesc": "Initial",
			"LifecycleStatus": "N",
			"LifecycleStatusDesc": "Neu",
			"Amount": "5720.31",
			"NetAmount": "4806.98",
			"TaxAmount": "913.33",
			"CurrencyCode": "EUR",
			"CreatedAt": "2013-05-22T22:00:00",
			"ChangedAt": "2013-05-22T22:00:00.000Z",
			"CreatedByName": "EPM USER",
			"ChangedByName": "EPM USER",
			"Supplier": {
				"Id": "100000003",
				"Name": "Talpa",
				"Street": "An der Breiten Wiese",
				"Building": "422",
				"Zip": "30625",
				"City": "Hannover",
				"Country": "DE"
			},
			"Notes" : [
			],
			"Attachments": [
				{
					"Type" : "ppt",
					"Title" : "Execution plan",
					"Description" : "Slide deck for the execution plan",
					"Size" : "23 KB",
					"CreatedAt" : "2013-01-11T22:00:00"
				},
				{
					"Type" : "pdf",
					"Title" : "Brochure",
					"Description" : "A brochure of the desired hotel",
					"Size" : "23 KB",
					"CreatedAt" : "2013-01-11T22:00:00"
				},
				{
					"Type" : "zip",
					"Title" : "Vacation images",
					"Description" : "Archive of all those images from my vacation that i have taken while being away for a very long time",
					"Size" : "5.3 MB",
					"CreatedAt" : "2013-01-11T22:00:00"
				}
			],
			"PurchaseOrder_Items": [
				{
					"PurchaseOrderItemID": "300000007",
					"ItemPos": "10",
					"Amount": 1187.62,
					"NetAmount": "998.00",
					"TaxAmount": "189.62",
					"CurrencyCode": "USD",
					"ProductID": "HT-1007",
					"ProductName": "1UMTS PDA",
					"Quantity": "2.000",
					"QuantityUnit": "EA",
					"DeliveryDate": "2013-05-29T22:00:00"
				},
				{
					"PurchaseOrderItemID": "300000007",
					"ItemPos": "20",
					"Amount": 246.33,
					"NetAmount": "207.00",
					"TaxAmount": "39.33",
					"CurrencyCode": "USD",
					"ProductID": "HT-1102",
					"ProductName": "Smart Network",
					"Quantity": "3.000",
					"QuantityUnit": "EA",
					"DeliveryDate": "2013-05-29T22:00:00"
				},
				{
					"PurchaseOrderItemID": "300000007",
					"ItemPos": "30",
					"Amount": 535.49,
					"NetAmount": "449.99",
					"TaxAmount": "85.50",
					"CurrencyCode": "USD",
					"ProductID": "HT-2001",
					"ProductName": "10\" Portable DVD player",
					"Quantity": "1.000",
					"QuantityUnit": "EA",
					"DeliveryDate": "2013-05-29T22:00:00"
				},
				{
					"PurchaseOrderItemID": "300000007",
					"ItemPos": "40",
					"Amount": 1187.62,
					"NetAmount": "998.00",
					"TaxAmount": "189.62",
					"CurrencyCode": "USD",
					"ProductID": "HT-1007",
					"ProductName": "1UMTS PDA",
					"Quantity": "2.000",
					"QuantityUnit": "EA",
					"DeliveryDate": "2013-05-29T22:00:00"
				},
				{
					"PurchaseOrderItemID": "300000007",
					"ItemPos": "50",
					"Amount": 164.22,
					"NetAmount": "138.00",
					"TaxAmount": "26.22",
					"CurrencyCode": "USD",
					"ProductID": "HT-1102",
					"ProductName": "Smart Network",
					"Quantity": "2.000",
					"QuantityUnit": "EA",
					"DeliveryDate": "2013-05-29T22:00:00"
				},
				{
					"PurchaseOrderItemID": "300000007",
					"ItemPos": "60",
					"Amount": 535.49,
					"NetAmount": "449.99",
					"TaxAmount": "85.50",
					"CurrencyCode": "USD",
					"ProductID": "HT-2001",
					"ProductName": "10\" Portable DVD player",
					"Quantity": "1.000",
					"QuantityUnit": "EA",
					"DeliveryDate": "2013-05-29T22:00:00"
				},
				{
					"PurchaseOrderItemID": "300000007",
					"ItemPos": "70",
					"Amount": 1781.43,
					"NetAmount": "1497.00",
					"TaxAmount": "284.43",
					"CurrencyCode": "USD",
					"ProductID": "HT-1007",
					"ProductName": "1UMTS PDA",
					"Quantity": "3.000",
					"QuantityUnit": "EA",
					"DeliveryDate": "2013-05-29T22:00:00"
				},
				{
					"PurchaseOrderItemID": "300000007",
					"ItemPos": "80",
					"Amount": 82.11,
					"NetAmount": "69.00",
					"TaxAmount": "13.11",
					"CurrencyCode": "USD",
					"ProductID": "HT-1102",
					"ProductName": "Smart Network",
					"Quantity": "1.000",
					"QuantityUnit": "EA",
					"DeliveryDate": "2013-05-29T22:00:00"
				}
			]
		},
		{
			"ID": "300000008",
			"ApprovalStatus": "",
			"Status": "Initial",
			"ConfirmationStatus": "",
			"ConfirmationStatusDesc": "Initial",
			"OrderingStatus": "",
			"OrderingStatusDesc": "Initial",
			"LifecycleStatus": "N",
			"LifecycleStatusDesc": "Neu",
			"Amount": "4444.17",
			"NetAmount": "3734.60",
			"TaxAmount": "709.57",
			"CurrencyCode": "EUR",
			"CreatedAt": "2013-05-22T22:00:00",
			"ChangedAt": "2013-05-22T22:00:00.000Z",
			"CreatedByName": "EPM USER",
			"ChangedByName": "EPM USER",
			"Supplier": {
				"Id": "100000003",
				"Name": "Talpa",
				"Street": "An der Breiten Wiese",
				"Building": "422",
				"Zip": "30625",
				"City": "Hannover",
				"Country": "DE"
			},
			"Notes" : [
				{
					"Author" :"George Washington",
					"Text" :"Lorem ipsum dolor sit amet, consetetur sadipscing elitr, sed diam nonumy eirmod tempor invidunt ut labore et dolore magna aliquyam erat, sed diam voluptua.",
					"CreatedAt" : "2013-05-22T22:00:00",
					"Thumbnail" : "http://upload.wikimedia.org/wikipedia/commons/2/25/George_Washington_as_CIC_of_the_Continental_Army_bust.jpg"
				},
				{
					"Author" :"Christopher Columbus",
					"Text" :"Lorem ipsum dolor sit amet, consetetur sadipscing elitr",
					"CreatedAt" : "2013-05-22T22:00:00",
					"Thumbnail" : "http://upload.wikimedia.org/wikipedia/commons/0/06/CristobalColon.jpg"
				},
				{
					"Author" :"Alexandrina Victoria",
					"Text" :"Lorem ipsum dolor sit amet, consetetur sadipscing elitr, sed diam nonumy eirmod tempor invidunt ut labore et dolore magna aliquyam erat",
					"CreatedAt" : "2013-05-22T22:00:00",
					"Thumbnail" : "http://upload.wikimedia.org/wikipedia/commons/a/aa/Dronning_victoria.jpg"
				}
			],
			"Attachments": [
				{
					"Type" : "ppt",
					"Title" : "Execution plan",
					"Description" : "Slide deck for the execution plan",
					"Size" : "23 KB",
					"CreatedAt" : "2013-01-11T22:00:00"
				},
				{
					"Type" : "pdf",
					"Title" : "Brochure",
					"Description" : "A brochure of the desired hotel",
					"Size" : "23 KB",
					"CreatedAt" : "2013-01-11T22:00:00"
				}
			],
			"PurchaseOrder_Items": [
				{
					"PurchaseOrderItemID": "300000008",
					"ItemPos": "10",
					"Amount": 1428.00,
					"NetAmount": "1200.00",
					"TaxAmount": "228.00",
					"CurrencyCode": "ARS",
					"ProductID": "HT-1600",
					"ProductName": "Family PC Basic",
					"Quantity": "2.000",
					"QuantityUnit": "EA",
					"DeliveryDate": "2013-05-29T22:00:00"
				},
				{
					"PurchaseOrderItemID": "300000008",
					"ItemPos": "20",
					"Amount": 487.90,
					"NetAmount": "410.00",
					"TaxAmount": "77.90",
					"CurrencyCode": "ARS",
					"ProductID": "HT-1022",
					"ProductName": "Easy Hand VII",
					"Quantity": "2.000",
					"QuantityUnit": "EA",
					"DeliveryDate": "2013-05-29T22:00:00"
				},
				{
					"PurchaseOrderItemID": "300000008",
					"ItemPos": "30",
					"Amount": 71.16,
					"NetAmount": "59.80",
					"TaxAmount": "11.36",
					"CurrencyCode": "ARS",
					"ProductID": "HT-1107",
					"ProductName": "Smart Money",
					"Quantity": "2.000",
					"QuantityUnit": "EA",
					"DeliveryDate": "2013-05-29T22:00:00"
				},
				{
					"PurchaseOrderItemID": "300000008",
					"ItemPos": "40",
					"Amount": 2142.00,
					"NetAmount": "1800.00",
					"TaxAmount": "342.00",
					"CurrencyCode": "ARS",
					"ProductID": "HT-1600",
					"ProductName": "Family PC Basic",
					"Quantity": "3.000",
					"QuantityUnit": "EA",
					"DeliveryDate": "2013-05-29T22:00:00"
				},
				{
					"PurchaseOrderItemID": "300000008",
					"ItemPos": "50",
					"Amount": 243.95,
					"NetAmount": "205.00",
					"TaxAmount": "38.95",
					"CurrencyCode": "ARS",
					"ProductID": "HT-1022",
					"ProductName": "Easy Hand VII",
					"Quantity": "1.000",
					"QuantityUnit": "EA",
					"DeliveryDate": "2013-05-29T22:00:00"
				},
				{
					"PurchaseOrderItemID": "300000008",
					"ItemPos": "60",
					"Amount": 71.16,
					"NetAmount": "59.80",
					"TaxAmount": "11.36",
					"CurrencyCode": "ARS",
					"ProductID": "HT-1107",
					"ProductName": "Smart Money",
					"Quantity": "2.000",
					"QuantityUnit": "EA",
					"DeliveryDate": "2013-05-29T22:00:00"
				}
			]
		},
		{
			"ID": "300000009",
			"ApprovalStatus": "",
			"Status": "Initial",
			"ConfirmationStatus": "",
			"ConfirmationStatusDesc": "Initial",
			"OrderingStatus": "",
			"OrderingStatusDesc": "Initial",
			"LifecycleStatus": "N",
			"LifecycleStatusDesc": "Neu",
			"Amount": "3453.38",
			"NetAmount": "2902.00",
			"TaxAmount": "551.38",
			"CurrencyCode": "EUR",
			"CreatedAt": "2013-05-22T22:00:00",
			"ChangedAt": "2013-05-22T22:00:00.000Z",
			"CreatedByName": "EPM USER",
			"ChangedByName": "EPM USER",
			"Supplier" : {
				"Name": "SAP SE",
				"Id": "100000000",
				"Street": "Dietmar-Hopp-Allee",
				"Building": "15",
				"Zip": "69190",
				"City": "Walldorf",
				"Country": "DE"
			},
			"Notes" : [
				{
					"Author" :"George Washington",
					"Text" :"Lorem ipsum dolor sit amet, consetetur sadipscing elitr, sed diam nonumy eirmod tempor invidunt ut labore et dolore magna aliquyam erat, sed diam voluptua.",
					"CreatedAt" : "2013-05-22T22:00:00",
					"Thumbnail" : "http://upload.wikimedia.org/wikipedia/commons/2/25/George_Washington_as_CIC_of_the_Continental_Army_bust.jpg"
				},
				{
					"Author" :"Christopher Columbus",
					"Text" :"Lorem ipsum dolor sit amet, consetetur sadipscing elitr",
					"CreatedAt" : "2013-05-22T22:00:00",
					"Thumbnail" : "http://upload.wikimedia.org/wikipedia/commons/0/06/CristobalColon.jpg"
				}
			],
			"Attachments": [
				{
					"Type" : "ppt",
					"Title" : "Execution plan",
					"Description" : "Slide deck for the execution plan",
					"Size" : "23 KB",
					"CreatedAt" : "2013-01-11T22:00:00"
				}
			],
			"PurchaseOrder_Items": [
				{
					"PurchaseOrderItemID": "300000009",
					"ItemPos": "10",
					"Amount": 1116.22,
					"NetAmount": 938.00,
					"TaxAmount": "178.22",
					"CurrencyCode": "EUR",
					"ProductID": "HT-6100",
					"ProductName": "Beam Breaker B-1",
					"Quantity": "2.000",
					"QuantityUnit": "EA",
					"DeliveryDate": "2013-05-29T22:00:00"
				},
				{
					"PurchaseOrderItemID": "300000009",
					"ItemPos": "20",
					"Amount": 2275.28,
					"NetAmount": "1912.00",
					"TaxAmount": "363.28",
					"CurrencyCode": "EUR",
					"ProductID": "HT-1000",
					"ProductName": "Notebook Basic 15",
					"Quantity": "2.000",
					"QuantityUnit": "EA",
					"DeliveryDate": "2013-05-29T22:00:00"
				},
				{
					"PurchaseOrderItemID": "300000009",
					"ItemPos": "30",
					"Amount": 61.88,
					"NetAmount": "52.00",
					"TaxAmount": "9.88",
					"CurrencyCode": "EUR",
					"ProductID": "HT-1091",
					"ProductName": "Blaster Extreme",
					"Quantity": "2.000",
					"QuantityUnit": "EA",
					"DeliveryDate": "2013-05-29T22:00:00"
				}
			]
		},
		{
			"ID": "300000010",
			"ApprovalStatus": "",
			"Status": "Initial",
			"ConfirmationStatus": "",
			"ConfirmationStatusDesc": "Initial",
			"OrderingStatus": "",
			"OrderingStatusDesc": "Initial",
			"LifecycleStatus": "N",
			"LifecycleStatusDesc": "Neu",
			"Amount": "8150.94",
			"NetAmount": "6849.53",
			"TaxAmount": "1301.41",
			"CurrencyCode": "EUR",
			"CreatedAt": "2013-05-22T22:00:00",
			"ChangedAt": "2013-05-22T22:00:00.000Z",
			"CreatedByName": "EPM USER",
			"ChangedByName": "EPM USER",
			"Supplier": {
				"Id": "100000002",
				"Name": "DelBont Industries",
				"Street": "1 2345 King Street",
				"Building": "1",
				"Zip": "19899",
				"City": "Wilmington, Delaware",
				"Country": "US"
			},
			"Notes" : [
				{
					"Author" :"George Washington",
					"Text" :"Lorem ipsum dolor sit amet, consetetur sadipscing elitr, sed diam nonumy eirmod tempor invidunt ut labore et dolore magna aliquyam erat, sed diam voluptua.",
					"CreatedAt" : "2013-05-22T22:00:00",
					"Thumbnail" : "http://upload.wikimedia.org/wikipedia/commons/2/25/George_Washington_as_CIC_of_the_Continental_Army_bust.jpg"
				}
			],
			"Attachments": [
			],
			"PurchaseOrder_Items": [
				{
					"PurchaseOrderItemID": "300000010",
					"ItemPos": "10",
					"Amount": 71.38,
					"NetAmount": "59.98",
					"TaxAmount": "11.40",
					"CurrencyCode": "USD",
					"ProductID": "HT-2026",
					"ProductName": "Audio/Video Cable Kit - 12 ft",
					"Quantity": "2.000",
					"QuantityUnit": "EA",
					"DeliveryDate": "2013-05-29T22:00:00"
				},
				{
					"PurchaseOrderItemID": "300000010",
					"ItemPos": "20",
					"Amount": 3736.60,
					"NetAmount": "3140.00",
					"TaxAmount": "596.60",
					"CurrencyCode": "USD",
					"ProductID": "HT-1002",
					"ProductName": "Notebook Basic 18",
					"Quantity": "2.000",
					"QuantityUnit": "EA",
					"DeliveryDate": "2013-05-29T22:00:00"
				},
				{
					"PurchaseOrderItemID": "300000010",
					"ItemPos": "30",
					"Amount": 320.94,
					"NetAmount": "269.70",
					"TaxAmount": "51.24",
					"CurrencyCode": "USD",
					"ProductID": "HT-1100",
					"ProductName": "Smart Office",
					"Quantity": "3.000",
					"QuantityUnit": "EA",
					"DeliveryDate": "2013-05-29T22:00:00"
				},
				{
					"PurchaseOrderItemID": "300000010",
					"ItemPos": "40",
					"Amount": 71.38,
					"NetAmount": "59.98",
					"TaxAmount": "11.40",
					"CurrencyCode": "USD",
					"ProductID": "HT-2026",
					"ProductName": "Audio/Video Cable Kit - 12 ft",
					"Quantity": "2.000",
					"QuantityUnit": "EA",
					"DeliveryDate": "2013-05-29T22:00:00"
				},
				{
					"PurchaseOrderItemID": "300000010",
					"ItemPos": "50",
					"Amount": 3736.60,
					"NetAmount": "3140.00",
					"TaxAmount": "596.60",
					"CurrencyCode": "USD",
					"ProductID": "HT-1002",
					"ProductName": "Notebook Basic 18",
					"Quantity": "2.000",
					"QuantityUnit": "EA",
					"DeliveryDate": "2013-05-29T22:00:00"
				},
				{
					"PurchaseOrderItemID": "300000010",
					"ItemPos": "60",
					"Amount": 106.98,
					"NetAmount": "89.90",
					"TaxAmount": "17.08",
					"CurrencyCode": "USD",
					"ProductID": "HT-1100",
					"ProductName": "Smart Office",
					"Quantity": "1.000",
					"QuantityUnit": "EA",
					"DeliveryDate": "2013-05-29T22:00:00"
				},
				{
					"PurchaseOrderItemID": "300000010",
					"ItemPos": "70",
					"Amount": 107.06,
					"NetAmount": "89.97",
					"TaxAmount": "17.09",
					"CurrencyCode": "USD",
					"ProductID": "HT-2026",
					"ProductName": "Audio/Video Cable Kit - 12 ft",
					"Quantity": "3.000",
					"QuantityUnit": "EA",
					"DeliveryDate": "2013-05-29T22:00:00"
				}
			]
		},
		{
			"ID": "300000011",
			"ApprovalStatus": "",
			"Status": "Initial",
			"ConfirmationStatus": "",
			"ConfirmationStatusDesc": "Initial",
			"OrderingStatus": "",
			"OrderingStatusDesc": "Initial",
			"LifecycleStatus": "N",
			"LifecycleStatusDesc": "Neu",
			"Amount": "3040.41",
			"NetAmount": "2554.97",
			"TaxAmount": "485.44",
			"CurrencyCode": "EUR",
			"CreatedAt": "2013-05-22T22:00:00",
			"ChangedAt": "2013-05-22T22:00:00.000Z",
			"CreatedByName": "EPM USER",
			"ChangedByName": "EPM USER",
			"Supplier": {
				"Id": "100000008",
				"Name": "AVANTEL",
				"Street": "Bosque de Duraznos",
				"Building": "24",
				"Zip": "17000",
				"City": "Mexiko City",
				"Country": "MX"
			},
			"Notes" : [
			],
			"Attachments": [
				{
					"Type" : "ppt",
					"Title" : "Execution plan",
					"Description" : "Slide deck for the execution plan",
					"Size" : "23 KB",
					"CreatedAt" : "2013-01-11T22:00:00"
				},
				{
					"Type" : "pdf",
					"Title" : "Brochure",
					"Description" : "A brochure of the desired hotel",
					"Size" : "23 KB",
					"CreatedAt" : "2013-01-11T22:00:00"
				},
				{
					"Type" : "zip",
					"Title" : "Vacation images",
					"Description" : "Archive of all those images from my vacation that i have taken while being away for a very long time",
					"Size" : "5.3 MB",
					"CreatedAt" : "2013-01-11T22:00:00"
				}
			],
			"PurchaseOrder_Items": [
				{
					"PurchaseOrderItemID": "300000011",
					"ItemPos": "10",
					"Amount": 593.81,
					"NetAmount": "499.00",
					"TaxAmount": "94.81",
					"CurrencyCode": "USD",
					"ProductID": "HT-1007",
					"ProductName": "1UMTS PDA",
					"Quantity": "1.000",
					"QuantityUnit": "EA",
					"DeliveryDate": "2013-05-29T22:00:00"
				},
				{
					"PurchaseOrderItemID": "300000011",
					"ItemPos": "20",
					"Amount": 246.33,
					"NetAmount": "207.00",
					"TaxAmount": "39.33",
					"CurrencyCode": "USD",
					"ProductID": "HT-1102",
					"ProductName": "Smart Network",
					"Quantity": "3.000",
					"QuantityUnit": "EA",
					"DeliveryDate": "2013-05-29T22:00:00"
				},
				{
					"PurchaseOrderItemID": "300000011",
					"ItemPos": "30",
					"Amount": 1606.46,
					"NetAmount": "1349.97",
					"TaxAmount": "256.49",
					"CurrencyCode": "USD",
					"ProductID": "HT-2001",
					"ProductName": "10\" Portable DVD player",
					"Quantity": "3.000",
					"QuantityUnit": "EA",
					"DeliveryDate": "2013-05-29T22:00:00"
				},
				{
					"PurchaseOrderItemID": "300000011",
					"ItemPos": "40",
					"Amount": 593.81,
					"NetAmount": "499.00",
					"TaxAmount": "94.81",
					"CurrencyCode": "USD",
					"ProductID": "HT-1007",
					"ProductName": "1UMTS PDA",
					"Quantity": "1.000",
					"QuantityUnit": "EA",
					"DeliveryDate": "2013-05-29T22:00:00"
				}
			]
		},
		{
			"ID": "300000012",
			"ApprovalStatus": "",
			"Status": "Initial",
			"ConfirmationStatus": "",
			"ConfirmationStatusDesc": "Initial",
			"OrderingStatus": "",
			"OrderingStatusDesc": "Initial",
			"LifecycleStatus": "N",
			"LifecycleStatusDesc": "Neu",
			"Amount": "18986.39",
			"NetAmount": "15954.94",
			"TaxAmount": "3031.45",
			"CurrencyCode": "EUR",
			"CreatedAt": "2013-05-22T22:00:00",
			"ChangedAt": "2013-05-22T22:00:00.000Z",
			"CreatedByName": "EPM USER",
			"ChangedByName": "EPM USER",
			"Supplier": {
				"Id": "100000009",
				"Name": "Telecomunicaciones Star",
				"Street": "Av. Libertador",
				"Building": "12221",
				"Zip": "1511",
				"City": "Buenos Aires",
				"Country": "AR"
			},
			"Notes" : [
				{
					"Author" :"George Washington",
					"Text" :"Lorem ipsum dolor sit amet, consetetur sadipscing elitr, sed diam nonumy eirmod tempor invidunt ut labore et dolore magna aliquyam erat, sed diam voluptua.",
					"CreatedAt" : "2013-05-22T22:00:00",
					"Thumbnail" : "http://upload.wikimedia.org/wikipedia/commons/2/25/George_Washington_as_CIC_of_the_Continental_Army_bust.jpg"
				},
				{
					"Author" :"Christopher Columbus",
					"Text" :"Lorem ipsum dolor sit amet, consetetur sadipscing elitr",
					"CreatedAt" : "2013-05-22T22:00:00",
					"Thumbnail" : "http://upload.wikimedia.org/wikipedia/commons/0/06/CristobalColon.jpg"
				},
				{
					"Author" :"Alexandrina Victoria",
					"Text" :"Lorem ipsum dolor sit amet, consetetur sadipscing elitr, sed diam nonumy eirmod tempor invidunt ut labore et dolore magna aliquyam erat",
					"CreatedAt" : "2013-05-22T22:00:00",
					"Thumbnail" : "http://upload.wikimedia.org/wikipedia/commons/a/aa/Dronning_victoria.jpg"
				}
			],
			"Attachments": [
				{
					"Type" : "ppt",
					"Title" : "Execution plan",
					"Description" : "Slide deck for the execution plan",
					"Size" : "23 KB",
					"CreatedAt" : "2013-01-11T22:00:00"
				},
				{
					"Type" : "pdf",
					"Title" : "Brochure",
					"Description" : "A brochure of the desired hotel",
					"Size" : "23 KB",
					"CreatedAt" : "2013-01-11T22:00:00"
				}
			],
			"PurchaseOrder_Items": [
				{
					"PurchaseOrderItemID": "300000012",
					"ItemPos": "10",
					"Amount": 183.26,
					"NetAmount": "154.00",
					"TaxAmount": "29.26",
					"CurrencyCode": "EUR",
					"ProductID": "HT-1103",
					"ProductName": "Smart Multimedia",
					"Quantity": "2.000",
					"QuantityUnit": "EA",
					"DeliveryDate": "2013-05-29T22:00:00"
				},
				{
					"PurchaseOrderItemID": "300000012",
					"ItemPos": "20",
					"Amount": 594.98,
					"NetAmount": "499.98",
					"TaxAmount": "95.00",
					"CurrencyCode": "EUR",
					"ProductID": "HT-2000",
					"ProductName": "7\" Widescreen Portable DVD Player w MP3",
					"Quantity": "2.000",
					"QuantityUnit": "EA",
					"DeliveryDate": "2013-05-29T22:00:00"
				},
				{
					"PurchaseOrderItemID": "300000012",
					"ItemPos": "30",
					"Amount": 4757.62,
					"NetAmount": "3998.00",
					"TaxAmount": "759.62",
					"CurrencyCode": "EUR",
					"ProductID": "HT-1010",
					"ProductName": "Notebook Professional 15",
					"Quantity": "2.000",
					"QuantityUnit": "EA",
					"DeliveryDate": "2013-05-29T22:00:00"
				},
				{
					"PurchaseOrderItemID": "300000012",
					"ItemPos": "40",
					"Amount": 274.89,
					"NetAmount": "231.00",
					"TaxAmount": "43.89",
					"CurrencyCode": "EUR",
					"ProductID": "HT-1103",
					"ProductName": "Smart Multimedia",
					"Quantity": "3.000",
					"QuantityUnit": "EA",
					"DeliveryDate": "2013-05-29T22:00:00"
				},
				{
					"PurchaseOrderItemID": "300000012",
					"ItemPos": "50",
					"Amount": 594.98,
					"NetAmount": "499.98",
					"TaxAmount": "95.00",
					"CurrencyCode": "EUR",
					"ProductID": "HT-2000",
					"ProductName": "7\" Widescreen Portable DVD Player w MP3",
					"Quantity": "2.000",
					"QuantityUnit": "EA",
					"DeliveryDate": "2013-05-29T22:00:00"
				},
				{
					"PurchaseOrderItemID": "300000012",
					"ItemPos": "60",
					"Amount": 4757.62,
					"NetAmount": "3998.00",
					"TaxAmount": "759.62",
					"CurrencyCode": "EUR",
					"ProductID": "HT-1010",
					"ProductName": "Notebook Professional 15",
					"Quantity": "2.000",
					"QuantityUnit": "EA",
					"DeliveryDate": "2013-05-29T22:00:00"
				},
				{
					"PurchaseOrderItemID": "300000012",
					"ItemPos": "70",
					"Amount": 91.63,
					"NetAmount": "77.00",
					"TaxAmount": "14.63",
					"CurrencyCode": "EUR",
					"ProductID": "HT-1103",
					"ProductName": "Smart Multimedia",
					"Quantity": "1.000",
					"QuantityUnit": "EA",
					"DeliveryDate": "2013-05-29T22:00:00"
				},
				{
					"PurchaseOrderItemID": "300000012",
					"ItemPos": "80",
					"Amount": 594.98,
					"NetAmount": "499.98",
					"TaxAmount": "95.00",
					"CurrencyCode": "EUR",
					"ProductID": "HT-2000",
					"ProductName": "7\" Widescreen Portable DVD Player w MP3",
					"Quantity": "2.000",
					"QuantityUnit": "EA",
					"DeliveryDate": "2013-05-29T22:00:00"
				},
				{
					"PurchaseOrderItemID": "300000012",
					"ItemPos": "90",
					"Amount": 7136.43,
					"NetAmount": "5997.00",
					"TaxAmount": "1139.43",
					"CurrencyCode": "EUR",
					"ProductID": "HT-1010",
					"ProductName": "Notebook Professional 15",
					"Quantity": "3.000",
					"QuantityUnit": "EA",
					"DeliveryDate": "2013-05-29T22:00:00"
				}
			]
		},
		{
			"ID": "300000013",
			"ApprovalStatus": "",
			"Status": "Initial",
			"ConfirmationStatus": "",
			"ConfirmationStatusDesc": "Initial",
			"OrderingStatus": "",
			"OrderingStatusDesc": "Initial",
			"LifecycleStatus": "N",
			"LifecycleStatusDesc": "Neu",
			"Amount": "23408.49",
			"NetAmount": "19671.00",
			"TaxAmount": "3737.49",
			"CurrencyCode": "EUR",
			"CreatedAt": "2013-05-22T22:00:00",
			"ChangedAt": "2013-05-22T22:00:00.000Z",
			"CreatedByName": "EPM USER",
			"ChangedByName": "EPM USER",
			"Supplier": {
				"Id": "100000006",
				"Name": "Asia High tech",
				"Street": "1-7-2 Ohtemachi",
				"Building": "1",
				"Zip": "1000004",
				"City": "Tokyo",
				"Country": "JP"
			},
			"Notes" : [
				{
					"Author" :"George Washington",
					"Text" :"Lorem ipsum dolor sit amet, consetetur sadipscing elitr, sed diam nonumy eirmod tempor invidunt ut labore et dolore magna aliquyam erat, sed diam voluptua.",
					"CreatedAt" : "2013-05-22T22:00:00",
					"Thumbnail" : "http://upload.wikimedia.org/wikipedia/commons/2/25/George_Washington_as_CIC_of_the_Continental_Army_bust.jpg"
				},
				{
					"Author" :"Christopher Columbus",
					"Text" :"Lorem ipsum dolor sit amet, consetetur sadipscing elitr",
					"CreatedAt" : "2013-05-22T22:00:00",
					"Thumbnail" : "http://upload.wikimedia.org/wikipedia/commons/0/06/CristobalColon.jpg"
				}
			],
			"Attachments": [
				{
					"Type" : "ppt",
					"Title" : "Execution plan",
					"Description" : "Slide deck for the execution plan",
					"Size" : "23 KB",
					"CreatedAt" : "2013-01-11T22:00:00"
				}
			],
			"PurchaseOrder_Items": [
				{
					"PurchaseOrderItemID": "300000013",
					"ItemPos": "10",
					"Amount": 65.45,
					"NetAmount": "55.00",
					"TaxAmount": "10.45",
					"CurrencyCode": "JPY",
					"ProductID": "HT-1104",
					"ProductName": "Smart Games",
					"Quantity": "1.000",
					"QuantityUnit": "EA",
					"DeliveryDate": "2013-05-29T22:00:00"
				},
				{
					"PurchaseOrderItemID": "300000013",
					"ItemPos": "20",
					"Amount": 6069.00,
					"NetAmount": "5100.00",
					"TaxAmount": "969.00",
					"CurrencyCode": "JPY",
					"ProductID": "HT-1603",
					"ProductName": "Gaming Monster Pro",
					"Quantity": "3.000",
					"QuantityUnit": "EA",
					"DeliveryDate": "2013-05-29T22:00:00"
				},
				{
					"PurchaseOrderItemID": "300000013",
					"ItemPos": "30",
					"Amount": 5471.62,
					"NetAmount": "4598.00",
					"TaxAmount": "873.62",
					"CurrencyCode": "JPY",
					"ProductID": "HT-1011",
					"ProductName": "Notebook Professional 17",
					"Quantity": "2.000",
					"QuantityUnit": "EA",
					"DeliveryDate": "2013-05-29T22:00:00"
				},
				{
					"PurchaseOrderItemID": "300000013",
					"ItemPos": "40",
					"Amount": 130.90,
					"NetAmount": "110.00",
					"TaxAmount": "20.90",
					"CurrencyCode": "JPY",
					"ProductID": "HT-1104",
					"ProductName": "Smart Games",
					"Quantity": "2.000",
					"QuantityUnit": "EA",
					"DeliveryDate": "2013-05-29T22:00:00"
				},
				{
					"PurchaseOrderItemID": "300000013",
					"ItemPos": "50",
					"Amount": 6069.00,
					"NetAmount": "5100.00",
					"TaxAmount": "969.00",
					"CurrencyCode": "JPY",
					"ProductID": "HT-1603",
					"ProductName": "Gaming Monster Pro",
					"Quantity": "3.000",
					"QuantityUnit": "EA",
					"DeliveryDate": "2013-05-29T22:00:00"
				},
				{
					"PurchaseOrderItemID": "300000013",
					"ItemPos": "60",
					"Amount": 5471.62,
					"NetAmount": "4598.00",
					"TaxAmount": "873.62",
					"CurrencyCode": "JPY",
					"ProductID": "HT-1011",
					"ProductName": "Notebook Professional 17",
					"Quantity": "2.000",
					"QuantityUnit": "EA",
					"DeliveryDate": "2013-05-29T22:00:00"
				},
				{
					"PurchaseOrderItemID": "300000013",
					"ItemPos": "70",
					"Amount": 130.90,
					"NetAmount": "110.00",
					"TaxAmount": "20.90",
					"CurrencyCode": "JPY",
					"ProductID": "HT-1104",
					"ProductName": "Smart Games",
					"Quantity": "2.000",
					"QuantityUnit": "EA",
					"DeliveryDate": "2013-05-29T22:00:00"
				}
			]
		},
		{
			"ID": "300000014",
			"ApprovalStatus": "",
			"Status": "Initial",
			"ConfirmationStatus": "",
			"ConfirmationStatusDesc": "Initial",
			"OrderingStatus": "",
			"OrderingStatusDesc": "Initial",
			"LifecycleStatus": "N",
			"LifecycleStatusDesc": "Neu",
			"Amount": "12515.23",
			"NetAmount": "10517.00",
			"TaxAmount": "1998.23",
			"CurrencyCode": "EUR",
			"CreatedAt": "2013-05-22T22:00:00",
			"ChangedAt": "2013-05-22T22:00:00.000Z",
			"CreatedByName": "EPM USER",
			"ChangedByName": "EPM USER",
			"Supplier": {
				"Name": "SAP SE",
				"Id": "100000000",
				"Street": "Dietmar-Hopp-Allee",
				"Building": "15",
				"Zip": "69190",
				"City": "Walldorf",
				"Country": "DE"
			},
			"Notes" : [
				{
					"Author" :"George Washington",
					"Text" :"Lorem ipsum dolor sit amet, consetetur sadipscing elitr, sed diam nonumy eirmod tempor invidunt ut labore et dolore magna aliquyam erat, sed diam voluptua.",
					"CreatedAt" : "2013-05-22T22:00:00",
					"Thumbnail" : "http://upload.wikimedia.org/wikipedia/commons/2/25/George_Washington_as_CIC_of_the_Continental_Army_bust.jpg"
				}
			],
			"Attachments": [
			],
			"PurchaseOrder_Items": [
				{
					"PurchaseOrderItemID": "300000014",
					"ItemPos": "10",
					"Amount": 2023.00,
					"NetAmount": "1700.00",
					"TaxAmount": "323.00",
					"CurrencyCode": "JPY",
					"ProductID": "HT-1603",
					"ProductName": "Gaming Monster Pro",
					"Quantity": "1.000",
					"QuantityUnit": "EA",
					"DeliveryDate": "2013-05-29T22:00:00"
				},
				{
					"PurchaseOrderItemID": "300000014",
					"ItemPos": "20",
					"Amount": 5471.62,
					"NetAmount": "4598.00",
					"TaxAmount": "873.62",
					"CurrencyCode": "JPY",
					"ProductID": "HT-1011",
					"ProductName": "Notebook Professional 17",
					"Quantity": "2.000",
					"QuantityUnit": "EA",
					"DeliveryDate": "2013-05-29T22:00:00"
				},
				{
					"PurchaseOrderItemID": "300000014",
					"ItemPos": "30",
					"Amount": 65.45,
					"NetAmount": "55.00",
					"TaxAmount": "10.45",
					"CurrencyCode": "JPY",
					"ProductID": "HT-1104",
					"ProductName": "Smart Games",
					"Quantity": "1.000",
					"QuantityUnit": "EA",
					"DeliveryDate": "2013-05-29T22:00:00"
				},
				{
					"PurchaseOrderItemID": "300000014",
					"ItemPos": "40",
					"Amount": 2023.00,
					"NetAmount": "1700.00",
					"TaxAmount": "323.00",
					"CurrencyCode": "JPY",
					"ProductID": "HT-1603",
					"ProductName": "Gaming Monster Pro",
					"Quantity": "1.000",
					"QuantityUnit": "EA",
					"DeliveryDate": "2013-05-29T22:00:00"
				},
				{
					"PurchaseOrderItemID": "300000014",
					"ItemPos": "50",
					"Amount": 2735.81,
					"NetAmount": "2299.00",
					"TaxAmount": "436.81",
					"CurrencyCode": "JPY",
					"ProductID": "HT-1011",
					"ProductName": "Notebook Professional 17",
					"Quantity": "1.000",
					"QuantityUnit": "EA",
					"DeliveryDate": "2013-05-29T22:00:00"
				},
				{
					"PurchaseOrderItemID": "300000014",
					"ItemPos": "60",
					"Amount": 196.35,
					"NetAmount": "165.00",
					"TaxAmount": "31.35",
					"CurrencyCode": "JPY",
					"ProductID": "HT-1104",
					"ProductName": "Smart Games",
					"Quantity": "3.000",
					"QuantityUnit": "EA",
					"DeliveryDate": "2013-05-29T22:00:00"
				}
			]
		},
		{
			"ID": "300000015",
			"ApprovalStatus": "",
			"Status": "Initial",
			"ConfirmationStatus": "",
			"ConfirmationStatusDesc": "Initial",
			"OrderingStatus": "",
			"OrderingStatusDesc": "Initial",
			"LifecycleStatus": "N",
			"LifecycleStatusDesc": "Neu",
			"Amount": "9971.01",
			"NetAmount": "8379.00",
			"TaxAmount": "1592.01",
			"CurrencyCode": "EUR",
			"CreatedAt": "2013-05-22T22:00:00",
			"ChangedAt": "2013-05-22T22:00:00.000Z",
			"CreatedByName": "EPM USER",
			"ChangedByName": "EPM USER",
			"Supplier": {
				"Id": "100000003",
				"Name": "Talpa",
				"Street": "An der Breiten Wiese",
				"Building": "422",
				"Zip": "30625",
				"City": "Hannover",
				"Country": "DE"
			},
			"Notes" : [
			],
			"Attachments": [
				{
					"Type" : "ppt",
					"Title" : "Execution plan",
					"Description" : "Slide deck for the execution plan",
					"Size" : "23 KB",
					"CreatedAt" : "2013-01-11T22:00:00"
				},
				{
					"Type" : "pdf",
					"Title" : "Brochure",
					"Description" : "A brochure of the desired hotel",
					"Size" : "23 KB",
					"CreatedAt" : "2013-01-11T22:00:00"
				},
				{
					"Type" : "zip",
					"Title" : "Vacation images",
					"Description" : "Archive of all those images from my vacation that i have taken while being away for a very long time",
					"Size" : "5.3 MB",
					"CreatedAt" : "2013-01-11T22:00:00"
				}
			],
			"PurchaseOrder_Items": [
				{
					"PurchaseOrderItemID": "300000015",
					"ItemPos": "10",
					"Amount": 3213.00,
					"NetAmount": "2700.00",
					"TaxAmount": "513.00",
					"CurrencyCode": "MXN",
					"ProductID": "HT-1601",
					"ProductName": "Family PC Pro",
					"Quantity": "3.000",
					"QuantityUnit": "EA",
					"DeliveryDate": "2013-05-29T22:00:00"
				},
				{
					"PurchaseOrderItemID": "300000015",
					"ItemPos": "20",
					"Amount": 354.62,
					"NetAmount": "298.00",
					"TaxAmount": "56.62",
					"CurrencyCode": "MXN",
					"ProductID": "HT-1021",
					"ProductName": "Easy Hand V",
					"Quantity": "2.000",
					"QuantityUnit": "EA",
					"DeliveryDate": "2013-05-29T22:00:00"
				},
				{
					"PurchaseOrderItemID": "300000015",
					"ItemPos": "30",
					"Amount": 40.47,
					"NetAmount": "34.00",
					"TaxAmount": "6.46",
					"CurrencyCode": "MXN",
					"ProductID": "HT-1106",
					"ProductName": "Smart Firewall",
					"Quantity": "1.000",
					"QuantityUnit": "EA",
					"DeliveryDate": "2013-05-29T22:00:00"
				},
				{
					"PurchaseOrderItemID": "300000015",
					"ItemPos": "40",
					"Amount": 3213.00,
					"NetAmount": "2700.00",
					"TaxAmount": "513.00",
					"CurrencyCode": "MXN",
					"ProductID": "HT-1601",
					"ProductName": "Family PC Pro",
					"Quantity": "3.000",
					"QuantityUnit": "EA",
					"DeliveryDate": "2013-05-29T22:00:00"
				},
				{
					"PurchaseOrderItemID": "300000015",
					"ItemPos": "50",
					"Amount": 354.62,
					"NetAmount": "298.00",
					"TaxAmount": "56.62",
					"CurrencyCode": "MXN",
					"ProductID": "HT-1021",
					"ProductName": "Easy Hand V",
					"Quantity": "2.000",
					"QuantityUnit": "EA",
					"DeliveryDate": "2013-05-29T22:00:00"
				},
				{
					"PurchaseOrderItemID": "300000015",
					"ItemPos": "60",
					"Amount": 40.46,
					"NetAmount": "34.00",
					"TaxAmount": "6.46",
					"CurrencyCode": "MXN",
					"ProductID": "HT-1106",
					"ProductName": "Smart Firewall",
					"Quantity": "1.000",
					"QuantityUnit": "EA",
					"DeliveryDate": "2013-05-29T22:00:00"
				},
				{
					"PurchaseOrderItemID": "300000015",
					"ItemPos": "70",
					"Amount": 2142.00,
					"NetAmount": "1800.00",
					"TaxAmount": "342.00",
					"CurrencyCode": "MXN",
					"ProductID": "HT-1601",
					"ProductName": "Family PC Pro",
					"Quantity": "2.000",
					"QuantityUnit": "EA",
					"DeliveryDate": "2013-05-29T22:00:00"
				},
				{
					"PurchaseOrderItemID": "300000015",
					"ItemPos": "80",
					"Amount": 531.93,
					"NetAmount": "447.00",
					"TaxAmount": "84.93",
					"CurrencyCode": "MXN",
					"ProductID": "HT-1021",
					"ProductName": "Easy Hand V",
					"Quantity": "3.000",
					"QuantityUnit": "EA",
					"DeliveryDate": "2013-05-29T22:00:00"
				},
				{
					"PurchaseOrderItemID": "300000015",
					"ItemPos": "90",
					"Amount": 80.92,
					"NetAmount": "68.00",
					"TaxAmount": "12.92",
					"CurrencyCode": "MXN",
					"ProductID": "HT-1106",
					"ProductName": "Smart Firewall",
					"Quantity": "2.000",
					"QuantityUnit": "EA",
					"DeliveryDate": "2013-05-29T22:00:00"
				}
			]
		},
		{
			"ID": "300000016",
			"ApprovalStatus": "",
			"Status": "Initial",
			"ConfirmationStatus": "",
			"ConfirmationStatusDesc": "Initial",
			"OrderingStatus": "",
			"OrderingStatusDesc": "Initial",
			"LifecycleStatus": "N",
			"LifecycleStatusDesc": "Neu",
			"Amount": "1829.01",
			"NetAmount": "1536.98",
			"TaxAmount": "292.03",
			"CurrencyCode": "EUR",
			"CreatedAt": "2013-05-22T22:00:00",
			"ChangedAt": "2013-05-22T22:00:00.000Z",
			"CreatedByName": "EPM USER",
			"ChangedByName": "EPM USER",
			"Supplier": {
				"Id": "100000008",
				"Name": "AVANTEL",
				"Street": "Bosque de Duraznos",
				"Building": "24",
				"Zip": "17000",
				"City": "Mexiko City",
				"Country": "MX"
			},
			"Notes" : [
				{
					"Author" :"George Washington",
					"Text" :"Lorem ipsum dolor sit amet, consetetur sadipscing elitr, sed diam nonumy eirmod tempor invidunt ut labore et dolore magna aliquyam erat, sed diam voluptua.",
					"CreatedAt" : "2013-05-22T22:00:00",
					"Thumbnail" : "http://upload.wikimedia.org/wikipedia/commons/2/25/George_Washington_as_CIC_of_the_Continental_Army_bust.jpg"
				},
				{
					"Author" :"Christopher Columbus",
					"Text" :"Lorem ipsum dolor sit amet, consetetur sadipscing elitr",
					"CreatedAt" : "2013-05-22T22:00:00",
					"Thumbnail" : "http://upload.wikimedia.org/wikipedia/commons/0/06/CristobalColon.jpg"
				},
				{
					"Author" :"Alexandrina Victoria",
					"Text" :"Lorem ipsum dolor sit amet, consetetur sadipscing elitr, sed diam nonumy eirmod tempor invidunt ut labore et dolore magna aliquyam erat",
					"CreatedAt" : "2013-05-22T22:00:00",
					"Thumbnail" : "http://upload.wikimedia.org/wikipedia/commons/a/aa/Dronning_victoria.jpg"
				}
			],
			"Attachments": [
				{
					"Type" : "ppt",
					"Title" : "Execution plan",
					"Description" : "Slide deck for the execution plan",
					"Size" : "23 KB",
					"CreatedAt" : "2013-01-11T22:00:00"
				},
				{
					"Type" : "pdf",
					"Title" : "Brochure",
					"Description" : "A brochure of the desired hotel",
					"Size" : "23 KB",
					"CreatedAt" : "2013-01-11T22:00:00"
				}
			],
			"PurchaseOrder_Items": [
				{
					"PurchaseOrderItemID": "300000016",
					"ItemPos": "10",
					"Amount": 1070.98,
					"NetAmount": "899.98",
					"TaxAmount": "171.00",
					"CurrencyCode": "USD",
					"ProductID": "HT-2001",
					"ProductName": "10\" Portable DVD player",
					"Quantity": "2.000",
					"QuantityUnit": "EA",
					"DeliveryDate": "2013-05-29T22:00:00"
				},
				{
					"PurchaseOrderItemID": "300000016",
					"ItemPos": "20",
					"Amount": 593.81,
					"NetAmount": "499.00",
					"TaxAmount": "94.81",
					"CurrencyCode": "USD",
					"ProductID": "HT-1007",
					"ProductName": "1UMTS PDA",
					"Quantity": "1.000",
					"QuantityUnit": "EA",
					"DeliveryDate": "2013-05-29T22:00:00"
				},
				{
					"PurchaseOrderItemID": "300000016",
					"ItemPos": "30",
					"Amount": 164.22,
					"NetAmount": "138.00",
					"TaxAmount": "26.22",
					"CurrencyCode": "USD",
					"ProductID": "HT-1102",
					"ProductName": "Smart Network",
					"Quantity": "2.000",
					"QuantityUnit": "EA",
					"DeliveryDate": "2013-05-29T22:00:00"
				}
			]
		},
		{
			"ID": "300000017",
			"ApprovalStatus": "",
			"Status": "Initial",
			"ConfirmationStatus": "",
			"ConfirmationStatusDesc": "Initial",
			"OrderingStatus": "",
			"OrderingStatusDesc": "Initial",
			"LifecycleStatus": "N",
			"LifecycleStatusDesc": "Neu",
			"Amount": "5055.11",
			"NetAmount": "4247.99",
			"TaxAmount": "807.12",
			"CurrencyCode": "EUR",
			"CreatedAt": "2013-05-22T22:00:00",
			"ChangedAt": "2013-05-22T22:00:00.000Z",
			"CreatedByName": "EPM USER",
			"ChangedByName": "EPM USER",
			"Supplier": {
				"Id": "100000006",
				"Name": "Asia High tech",
				"Street": "1-7-2 Ohtemachi",
				"Building": "1",
				"Zip": "1000004",
				"City": "Tokyo",
				"Country": "JP"
			},
			"Notes" : [
				{
					"Author" :"George Washington",
					"Text" :"Lorem ipsum dolor sit amet, consetetur sadipscing elitr, sed diam nonumy eirmod tempor invidunt ut labore et dolore magna aliquyam erat, sed diam voluptua.",
					"CreatedAt" : "2013-05-22T22:00:00",
					"Thumbnail" : "http://upload.wikimedia.org/wikipedia/commons/2/25/George_Washington_as_CIC_of_the_Continental_Army_bust.jpg"
				},
				{
					"Author" :"Christopher Columbus",
					"Text" :"Lorem ipsum dolor sit amet, consetetur sadipscing elitr",
					"CreatedAt" : "2013-05-22T22:00:00",
					"Thumbnail" : "http://upload.wikimedia.org/wikipedia/commons/0/06/CristobalColon.jpg"
				}
			],
			"Attachments": [
				{
					"Type" : "ppt",
					"Title" : "Execution plan",
					"Description" : "Slide deck for the execution plan",
					"Size" : "23 KB",
					"CreatedAt" : "2013-01-11T22:00:00"
				}
			],
			"PurchaseOrder_Items": [
				{
					"PurchaseOrderItemID": "300000017",
					"ItemPos": "10",
					"Amount": 297.49,
					"NetAmount": "249.99",
					"TaxAmount": "47.50",
					"CurrencyCode": "EUR",
					"ProductID": "HT-2000",
					"ProductName": "7\" Widescreen Portable DVD Player w MP3",
					"Quantity": "1.000",
					"QuantityUnit": "EA",
					"DeliveryDate": "2013-05-29T22:00:00"
				},
				{
					"PurchaseOrderItemID": "300000017",
					"ItemPos": "20",
					"Amount": 4757.62,
					"NetAmount": "3998.00",
					"TaxAmount": "759.62",
					"CurrencyCode": "EUR",
					"ProductID": "HT-1010",
					"ProductName": "Notebook Professional 15",
					"Quantity": "2.000",
					"QuantityUnit": "EA",
					"DeliveryDate": "2013-05-29T22:00:00"
				}
			]
		},
		{
			"ID": "300000018",
			"ApprovalStatus": "",
			"Status": "Initial",
			"ConfirmationStatus": "",
			"ConfirmationStatusDesc": "Initial",
			"OrderingStatus": "",
			"OrderingStatusDesc": "Initial",
			"LifecycleStatus": "N",
			"LifecycleStatusDesc": "Neu",
			"Amount": "2510.26",
			"NetAmount": "2109.47",
			"TaxAmount": "400.79",
			"CurrencyCode": "EUR",
			"CreatedAt": "2013-05-22T22:00:00",
			"ChangedAt": "2013-05-22T22:00:00.000Z",
			"CreatedByName": "EPM USER",
			"ChangedByName": "EPM USER",
			"Supplier": {
				"Id": "100000002",
				"Name": "DelBont Industries",
				"Street": "1 2345 King Street",
				"Building": "1",
				"Zip": "19899",
				"City": "Wilmington, Delaware",
				"Country": "US"
			},
			"Notes" : [
				{
					"Author" :"George Washington",
					"Text" :"Lorem ipsum dolor sit amet, consetetur sadipscing elitr, sed diam nonumy eirmod tempor invidunt ut labore et dolore magna aliquyam erat, sed diam voluptua.",
					"CreatedAt" : "2013-05-22T22:00:00",
					"Thumbnail" : "http://upload.wikimedia.org/wikipedia/commons/2/25/George_Washington_as_CIC_of_the_Continental_Army_bust.jpg"
				}
			],
			"Attachments": [
				{
					"Type" : "ppt",
					"Title" : "Execution plan",
					"Description" : "Slide deck for the execution plan",
					"Size" : "23 KB",
					"CreatedAt" : "2013-01-11T22:00:00"
				},
				{
					"Type" : "pdf",
					"Title" : "Brochure",
					"Description" : "A brochure of the desired hotel",
					"Size" : "23 KB",
					"CreatedAt" : "2013-01-11T22:00:00"
				},
				{
					"Type" : "zip",
					"Title" : "Vacation images",
					"Description" : "Archive of all those images from my vacation that i have taken while being away for a very long time",
					"Size" : "5.3 MB",
					"CreatedAt" : "2013-01-11T22:00:00"
				}
			],
			"PurchaseOrder_Items": [
				{
					"PurchaseOrderItemID": "300000018",
					"ItemPos": "10",
					"Amount": 320.94,
					"NetAmount": "269.70",
					"TaxAmount": "51.24",
					"CurrencyCode": "USD",
					"ProductID": "HT-1100",
					"ProductName": "Smart Office",
					"Quantity": "3.000",
					"QuantityUnit": "EA",
					"DeliveryDate": "2013-05-29T22:00:00"
				},
				{
					"PurchaseOrderItemID": "300000018",
					"ItemPos": "20",
					"Amount": 107.06,
					"NetAmount": "89.97",
					"TaxAmount": "17.09",
					"CurrencyCode": "USD",
					"ProductID": "HT-2026",
					"ProductName": "Audio/Video Cable Kit - 12 ft",
					"Quantity": "3.000",
					"QuantityUnit": "EA",
					"DeliveryDate": "2013-05-29T22:00:00"
				},
				{
					"PurchaseOrderItemID": "300000018",
					"ItemPos": "30",
					"Amount": 1868.30,
					"NetAmount": "1570.00",
					"TaxAmount": "298.30",
					"CurrencyCode": "USD",
					"ProductID": "HT-1002",
					"ProductName": "Notebook Basic 18",
					"Quantity": "1.000",
					"QuantityUnit": "EA",
					"DeliveryDate": "2013-05-29T22:00:00"
				},
				{
					"PurchaseOrderItemID": "300000018",
					"ItemPos": "40",
					"Amount": 213.96,
					"NetAmount": "179.80",
					"TaxAmount": "34.16",
					"CurrencyCode": "USD",
					"ProductID": "HT-1100",
					"ProductName": "Smart Office",
					"Quantity": "2.000",
					"QuantityUnit": "EA",
					"DeliveryDate": "2013-05-29T22:00:00"
				}
			]
		},
		{
			"ID": "300000019",
			"ApprovalStatus": "",
			"Status": "Initial",
			"ConfirmationStatus": "",
			"ConfirmationStatusDesc": "Initial",
			"OrderingStatus": "",
			"OrderingStatusDesc": "Initial",
			"LifecycleStatus": "N",
			"LifecycleStatusDesc": "Neu",
			"Amount": "3974.12",
			"NetAmount": "3339.60",
			"TaxAmount": "634.52",
			"CurrencyCode": "EUR",
			"CreatedAt": "2013-05-22T22:00:00",
			"ChangedAt": "2013-05-22T22:00:00.000Z",
			"CreatedByName": "EPM USER",
			"ChangedByName": "EPM USER",
			"Supplier": {
				"Id": "100000009",
				"Name": "Telecomunicaciones Star",
				"Street": "Av. Libertador",
				"Building": "12221",
				"Zip": "1511",
				"City": "Buenos Aires",
				"Country": "AR"
			},
			"Notes" : [
			],
			"Attachments": [
				{
					"Type" : "ppt",
					"Title" : "Execution plan",
					"Description" : "Slide deck for the execution plan",
					"Size" : "23 KB",
					"CreatedAt" : "2013-01-11T22:00:00"
				},
				{
					"Type" : "pdf",
					"Title" : "Brochure",
					"Description" : "A brochure of the desired hotel",
					"Size" : "23 KB",
					"CreatedAt" : "2013-01-11T22:00:00"
				}
			],
			"PurchaseOrder_Items": [
				{
					"PurchaseOrderItemID": "300000019",
					"ItemPos": "10",
					"Amount": 2142.00,
					"NetAmount": "1800.00",
					"TaxAmount": "342.00",
					"CurrencyCode": "ARS",
					"ProductID": "HT-1600",
					"ProductName": "Family PC Basic",
					"Quantity": "3.000",
					"QuantityUnit": "EA",
					"DeliveryDate": "2013-05-29T22:00:00"
				},
				{
					"PurchaseOrderItemID": "300000019",
					"ItemPos": "20",
					"Amount": 243.95,
					"NetAmount": "205.00",
					"TaxAmount": "38.95",
					"CurrencyCode": "ARS",
					"ProductID": "HT-1022",
					"ProductName": "Easy Hand VII",
					"Quantity": "1.000",
					"QuantityUnit": "EA",
					"DeliveryDate": "2013-05-29T22:00:00"
				},
				{
					"PurchaseOrderItemID": "300000019",
					"ItemPos": "30",
					"Amount": 106.74,
					"NetAmount": "89.70",
					"TaxAmount": "17.04",
					"CurrencyCode": "ARS",
					"ProductID": "HT-1107",
					"ProductName": "Smart Money",
					"Quantity": "3.000",
					"QuantityUnit": "EA",
					"DeliveryDate": "2013-05-29T22:00:00"
				},
				{
					"PurchaseOrderItemID": "300000019",
					"ItemPos": "40",
					"Amount": 714.00,
					"NetAmount": "600.00",
					"TaxAmount": "114.00",
					"CurrencyCode": "ARS",
					"ProductID": "HT-1600",
					"ProductName": "Family PC Basic",
					"Quantity": "1.000",
					"QuantityUnit": "EA",
					"DeliveryDate": "2013-05-29T22:00:00"
				},
				{
					"PurchaseOrderItemID": "300000019",
					"ItemPos": "50",
					"Amount": 731.85,
					"NetAmount": "615.00",
					"TaxAmount": "116.85",
					"CurrencyCode": "ARS",
					"ProductID": "HT-1022",
					"ProductName": "Easy Hand VII",
					"Quantity": "3.000",
					"QuantityUnit": "EA",
					"DeliveryDate": "2013-05-29T22:00:00"
				},
				{
					"PurchaseOrderItemID": "300000019",
					"ItemPos": "60",
					"Amount": 35.58,
					"NetAmount": "29.90",
					"TaxAmount": "5.68",
					"CurrencyCode": "ARS",
					"ProductID": "HT-1107",
					"ProductName": "Smart Money",
					"Quantity": "1.000",
					"QuantityUnit": "EA",
					"DeliveryDate": "2013-05-29T22:00:00"
				}
			]
		}
	]
}