{
  "welcomeFile": "/webapp/index.html",
  "routes": [
    {
      "path": "/resources",
      "target": {
        "type": "service",
        "name": "sapui5",
        "entryPath": "/resources"
      },
      "description": "SAPUI5 Resources"
    },
    {
      "path": "/test-resources",
      "target": {
        "type": "service",
        "name": "sapui5",
        "entryPath": "/test-resources",
        "version":"1.44.7"
      },
      "description": "SAPUI5 Test Resources"
    },
    {
      "path": "/DemoService",
      "target": {
        "type": "destination",
        "name": "ODataDemoService",
        "version":"1.44.7"
      },
      "description": "Demo service"
    }
  ],
  "sendWelcomeFileRedirect": true
}